Adolescent Development,,
Chief Field Office,4590,Coordination
Child Protection,4600,Protection and Human Rights
Communication for Development (C4D),,
Early Childhood Development,4592,Education
Education,4592,Education
Expanded Programme Immunization,4595,Health
Gender,4594,Gender
Health,4595,Health
HIV/AIDS,4595,Health
Human Rights,4600,Protection and Human Rights
Innovation,"""""",
Knowledge Management,"""""",
Monitoring and Evaluation,"""""",
Nutrition,4593,Food and Nutrition
Planning,4590,Coordination
Programme Management,4590,Coordination
Social and Economic Policy,"""""",
Statistics and Monitoring,"""""",
"WASH (Water, Sanitation and Hygiene)",4604,Water Sanitation Hygiene
Alliances and Resource Mobilization,"""""",
Communication / External Relations,"""""",
Private Fundraising and Partnerships,"""""",
UN and Multilateral Affairs,"""""",
Emergency Programme,4591,Disaster Management
Security,4602,Safety and Security
Finance and Administration,"""""",
Human Resources,"""""",
Information Communication Technology,"""""",
Internal Audit Management,"""""",
Legal,"""""",
Operations and Business Management,"""""",
Supply/Logistics,4598,Logistics and Telecommunications
Support: Communication,"""""",
Support: Operations,"""""",
Support: Programme,"""""",
Executive Management,"""""",
Deputy Representative,4590,Coordination
Representative,4590,Coordination